category,price_e_tax,price_i_tax,tax,quantity,upc,reviews
Poetry,51.77,51.77,0.00,In stock (22 available),a897fe39b1053632,0
Historical Fiction,53.74,53.74,0.00,In stock (20 available),90fa61229261140a,0
Fiction,50.10,50.10,0.00,In stock (20 available),6957f44c3847a760,0
Mystery,47.82,47.82,0.00,In stock (20 available),e00eb4fd7b871a48,0
History,54.23,54.23,0.00,In stock (20 available),4165285e1663650f,0
Young Adult,22.65,22.65,0.00,In stock (19 available),f77dbf2323deb740,0
Business,33.34,33.34,0.00,In stock (19 available),2597b5a345f45e1b,0
Default,17.93,17.93,0.00,In stock (19 available),e72a5dfc7e9267b2,0
Default,22.60,22.60,0.00,In stock (19 available),e10e1e165dc8be4a,0
Poetry,52.15,52.15,0.00,In stock (19 available),1dfe412b8ac00530,0
Default,13.99,13.99,0.00,In stock (19 available),0312262ecafa5a40,0
Poetry,20.66,20.66,0.00,In stock (19 available),30a7f60cd76ca58c,0
Young Adult,17.46,17.46,0.00,In stock (19 available),ce6396b0f23f6ecc,0
Sequential Art,52.29,52.29,0.00,In stock (19 available),3b1c02bac2a429e6,0
Music,35.02,35.02,0.00,In stock (19 available),a34ba96d4081e6a4,0
Music,57.25,57.25,0.00,In stock (19 available),deda3e61b9514b83,0
Poetry,23.88,23.88,0.00,In stock (19 available),feb7cc7701ecf901,0
Science Fiction,37.59,37.59,0.00,In stock (19 available),e30f54cea9b38190,0
Politics,51.33,51.33,0.00,In stock (19 available),a18a4f574854aced,0
Travel,45.17,45.17,0.00,In stock (19 available),a22124811bfa8350,0
Thriller,12.84,12.84,0.00,In stock (19 available),23356462d1320d61,0
Music,37.32,37.32,0.00,In stock (19 available),327f68a59745c102,0
Food and Drink,30.52,30.52,0.00,In stock (19 available),5674a18a29a43ced,0
Romance,25.27,25.27,0.00,In stock (19 available),c2e46a2ee3b4a322,0
Romance,34.53,34.53,0.00,In stock (19 available),00bfed9e18bb36f3,0
Childrens,54.64,54.64,0.00,In stock (19 available),9528d0948525bf5f,0
Default,22.50,22.50,0.00,In stock (19 available),c7d160c2c0de586f,0
Default,53.13,53.13,0.00,In stock (19 available),904208d6aa64b655,0
Nonfiction,40.30,40.30,0.00,In stock (18 available),4c28def39d850cdf,0
Art,44.18,44.18,0.00,In stock (18 available),ccd9ffa25efabdea,0
Spirituality,17.66,17.66,0.00,In stock (18 available),6258a1f6a6dcfe50,0
Nonfiction,31.05,31.05,0.00,In stock (18 available),3c039985229453bf,0
Thriller,23.82,23.82,0.00,In stock (18 available),5dada2b7be26bd03,0
Childrens,36.89,36.89,0.00,In stock (18 available),9f6568e9c95f60b0,0
Philosophy,15.94,15.94,0.00,In stock (18 available),6be3beb0793a53e7,0
Default,33.29,33.29,0.00,In stock (18 available),668fe56b17cfcd4f,0
Default,18.02,18.02,0.00,In stock (18 available),094b269567e1c300,0
Mystery,19.63,19.63,0.00,In stock (18 available),19ed25f4641d5efd,0
Thriller,52.22,52.22,0.00,In stock (18 available),be5cc846f45496fb,0
Poetry,33.63,33.63,0.00,In stock (17 available),55f9da0c5eea2e10,0
Poetry,57.31,57.31,0.00,In stock (17 available),b4fd5943413e089a,0
Nonfiction,26.41,26.41,0.00,In stock (17 available),c8f7f0cb1abb9cac,0
Fiction,47.61,47.61,0.00,In stock (17 available),b12b89017878a60d,0
Nonfiction,23.11,23.11,0.00,In stock (17 available),c27f6e1f185b0383,0
New Adult,45.07,45.07,0.00,In stock (16 available),acddfeab2a407640,0
Contemporary,31.77,31.77,0.00,In stock (16 available),3ecb690d1542c568,0
Fiction,50.27,50.27,0.00,In stock (16 available),8d455c7539795d2a,0
Poetry,14.27,14.27,0.00,In stock (16 available),657fe5ead67a7767,0
Nonfiction,44.18,44.18,0.00,In stock (16 available),d170b5a0da46380e,0
Fantasy,18.78,18.78,0.00,In stock (16 available),7ae099f3898e0209,0
History,25.52,25.52,0.00,In stock (16 available),9a9d6e9bc555731e,0
Sequential Art,16.28,16.28,0.00,In stock (16 available),09555be379ad9253,0
Nonfiction,31.12,31.12,0.00,In stock (16 available),7858914fad68493c,0
Sequential Art,19.49,19.49,0.00,In stock (16 available),51653ef291ab7ddc,0
Fiction,17.27,17.27,0.00,In stock (16 available),709822d0b5bcb7f4,0
Add a comment,19.09,19.09,0.00,In stock (16 available),4eed62cf5f8d8edf,0
Childrens,56.13,56.13,0.00,In stock (16 available),b5ea0b5dabed25a8,0
Food and Drink,56.41,56.41,0.00,In stock (16 available),142d767a56a9254d,0
Mystery,56.50,56.50,0.00,In stock (16 available),5ee94540d0749ea0,0
Young Adult,45.22,45.22,0.00,In stock (16 available),cedf82b5086e4691,0
Sequential Art,38.16,38.16,0.00,In stock (16 available),7d385d34d12e60ff,0
Fiction,54.11,54.11,0.00,In stock (16 available),d01ac97e2b8947c2,0
Science,42.96,42.96,0.00,In stock (16 available),aadee1c326d286e3,0
Add a comment,23.89,23.89,0.00,In stock (16 available),31075275518532d7,0
Nonfiction,16.77,16.77,0.00,In stock (16 available),0da9aa9d24677fc0,0
Default,20.59,20.59,0.00,In stock (16 available),8c9e6bf2467d740d,0
Nonfiction,37.13,37.13,0.00,In stock (16 available),acd86a5426e21ca0,0
Nonfiction,56.06,56.06,0.00,In stock (16 available),a30b270e25489e5c,0
Philosophy,58.11,58.11,0.00,In stock (16 available),bd261725b99f5983,0
Health,49.05,49.05,0.00,In stock (16 available),43c6a960757cf559,0
Add a comment,40.76,40.76,0.00,In stock (16 available),80cfab6bcff3a244,0
History,19.73,19.73,0.00,In stock (16 available),a3d2a4250807f1e9,0
Spirituality,32.24,32.24,0.00,In stock (16 available),7d6d2a6c0276f81b,0
Nonfiction,41.83,41.83,0.00,In stock (16 available),87b0615b6e1f4d7b,0
Default,39.58,39.58,0.00,In stock (16 available),e6af5bf1163c1151,0
Horror,39.25,39.25,0.00,In stock (16 available),6f78a0d744c35456,0
Fantasy,25.02,25.02,0.00,In stock (16 available),c849f0b2f5d6a742,0
Sequential Art,51.04,51.04,0.00,In stock (16 available),53a3d11bb568cc8b,0
Nonfiction,19.83,19.83,0.00,In stock (16 available),d7310206583a54b6,0
Sequential Art,50.40,50.40,0.00,In stock (16 available),c82a3e358c773c73,0
Sequential Art,13.61,13.61,0.00,In stock (16 available),0fa6dceead7ce47a,0
Fantasy,13.34,13.34,0.00,In stock (16 available),0e691eda369f4e09,0
Sequential Art,18.97,18.97,0.00,In stock (16 available),e80f8e518b300dfe,0
History,36.28,36.28,0.00,In stock (16 available),7392c0032f92d816,0
Sequential Art,10.16,10.16,0.00,In stock (16 available),9429b4d59c537af5,0
Sequential Art,15.44,15.44,0.00,In stock (16 available),889139b8e9c4cb36,0
Sequential Art,48.41,48.41,0.00,In stock (16 available),11809b1d323b3057,0
Self Help,46.35,46.35,0.00,In stock (16 available),9ffa38d3b832433a,0
Add a comment,14.07,14.07,0.00,In stock (16 available),b757c0c361e689ce,0
Young Adult,14.86,14.86,0.00,In stock (16 available),3c346ab1e76ae1f6,0
Food and Drink,33.37,33.37,0.00,In stock (16 available),784bc2279baa878d,0
Fantasy,56.40,56.40,0.00,In stock (16 available),fa9610a50a1bf149,0
Food and Drink,14.02,14.02,0.00,In stock (16 available),72f9d5be3472d34e,0
Sequential Art,46.91,46.91,0.00,In stock (16 available),460089f796fb3f82,0
Sequential Art,45.61,45.61,0.00,In stock (16 available),b6ee99bcf06fc91f,0
Sequential Art,19.92,19.92,0.00,In stock (16 available),57e5a4d515c8ce44,0
Food and Drink,40.11,40.11,0.00,In stock (16 available),7b75cc7f223791f4,0
Add a comment,53.90,53.90,0.00,In stock (16 available),228f74b74f3a08ae,0
Science Fiction,35.67,35.67,0.00,In stock (16 available),18ad3ed896c7ce05,0
Nonfiction,22.00,22.00,0.00,In stock (16 available),b136b1b180ca753a,0
Science,57.36,57.36,0.00,In stock (16 available),e4f74c16de34d440,0
Sequential Art,29.17,29.17,0.00,In stock (16 available),8d4eefad7a2b3915,0
Sequential Art,54.63,54.63,0.00,In stock (16 available),1c89ae5bb804e4de,0
Self Help,46.03,46.03,0.00,In stock (16 available),a6f99b9e687f9d46,0
Romance,33.97,33.97,0.00,In stock (16 available),2a97cffe61c3c4c7,0
Sequential Art,22.11,22.11,0.00,In stock (16 available),f2df3bb043a8abb0,0
Historical Fiction,29.69,29.69,0.00,In stock (16 available),9beb96a2300109d7,0
Romance,15.97,15.97,0.00,In stock (16 available),9e28048cea8d41f7,0
Romance,21.96,21.96,0.00,In stock (16 available),7add3f8e49ec0826,0
Nonfiction,54.35,54.35,0.00,In stock (16 available),311c0dd0e354a33e,0
Religion,37.97,37.97,0.00,In stock (16 available),fce19f9b4a943f22,0
Sequential Art,51.99,51.99,0.00,In stock (16 available),09b6cc87e62c2c58,0
Fantasy,43.29,43.29,0.00,In stock (16 available),7267864328ae8b9d,0
Sequential Art,36.72,36.72,0.00,In stock (16 available),8754c83ab2a7ae71,0
Sequential Art,17.08,17.08,0.00,In stock (16 available),7b599c8bfcdd8d30,0
Nonfiction,29.14,29.14,0.00,In stock (16 available),bee3672891cca906,0
Young Adult,28.81,28.81,0.00,In stock (16 available),5ceb951f629700a2,0
Default,49.46,49.46,0.00,In stock (16 available),74baabfc8fd84b38,0
Sequential Art,37.92,37.92,0.00,In stock (16 available),bdf415fd484ea8a7,0
Fantasy,28.09,28.09,0.00,In stock (16 available),6d5300b2d8f37e07,0
Nonfiction,30.81,30.81,0.00,In stock (16 available),38d45839cb1c83c1,0
Default,42.95,42.95,0.00,In stock (16 available),70ed59f194b3c556,0
Default,56.76,56.76,0.00,In stock (16 available),8a380641491d43ed,0
Mystery,16.64,16.64,0.00,In stock (16 available),f733e8c19d40ec2e,0
Historical Fiction,55.53,55.53,0.00,In stock (16 available),3a6fb983e2554023,0
Young Adult,28.13,28.13,0.00,In stock (16 available),842790dfaa937484,0
Fantasy,52.37,52.37,0.00,In stock (16 available),01d2001ac1e6f8a3,0
Christian,54.00,54.00,0.00,In stock (16 available),e4ac92d89b946781,0
Religion,21.87,21.87,0.00,In stock (15 available),796c87ddbbaaf8c5,0
Science Fiction,43.30,43.30,0.00,In stock (15 available),9270575728a13a61,0
Fiction,21.04,21.04,0.00,In stock (15 available),b8736690cf263a3c,0
Default,41.60,41.60,0.00,In stock (15 available),d7d6d50c1e3d0b81,0
Fantasy,35.07,35.07,0.00,In stock (15 available),590a9cccf7db9f7d,0
History,59.64,59.64,0.00,In stock (15 available),de3f25248ba0789f,0
Default,52.72,52.72,0.00,In stock (15 available),bc2a85fd35fdc7bd,0
Childrens,58.08,58.08,0.00,In stock (15 available),37c0cb19713d8dda,0
Romance,24.12,24.12,0.00,In stock (15 available),623e1a180426039b,0
Fiction,42.15,42.15,0.00,In stock (15 available),fd3a622648667296,0
Business,12.61,12.61,0.00,In stock (15 available),3bebf34ee9330cbd,0
Philosophy,17.44,17.44,0.00,In stock (15 available),f5a92cff83897d48,0
Sequential Art,33.14,33.14,0.00,In stock (15 available),d6361d16212664ed,0
Default,27.37,27.37,0.00,In stock (15 available),961f18db4f138211,0
Fiction,51.36,51.36,0.00,In stock (15 available),0651062381f0636a,0
Default,36.00,36.00,0.00,In stock (15 available),e98a4efa85070c2f,0
Science Fiction,10.65,10.65,0.00,In stock (15 available),790ef197c8f236f5,0
Nonfiction,43.54,43.54,0.00,In stock (15 available),8ec14b1576cb7cb5,0
Nonfiction,38.21,38.21,0.00,In stock (15 available),209adad1015af86f,0
Food and Drink,37.34,37.34,0.00,In stock (15 available),e4c7f3487d17fd42,0
Mystery,44.10,44.10,0.00,In stock (15 available),c7b5183f4d1d4efe,0
New Adult,43.29,43.29,0.00,In stock (15 available),99ff4cc6491e8f5c,0
New Adult,55.85,55.85,0.00,In stock (15 available),08db62f24627e71f,0
Food and Drink,37.60,37.60,0.00,In stock (15 available),e28e330cbdf01126,0
Crime,10.97,10.97,0.00,In stock (15 available),abeafe151a587d3b,0
Default,41.82,41.82,0.00,In stock (15 available),eac1a180047ad54e,0
Historical Fiction,36.95,36.95,0.00,In stock (15 available),9287e238d7c3b06e,0
Fantasy,44.28,44.28,0.00,In stock (15 available),2dbb7ec08cdd7f3c,0
Default,55.02,55.02,0.00,In stock (15 available),e956d67c9bcc5809,0
Nonfiction,17.24,17.24,0.00,In stock (15 available),42d0d7c92b75fc1c,0
Default,23.15,23.15,0.00,In stock (15 available),d6670dfe3e7b42bd,0
Food and Drink,41.25,41.25,0.00,In stock (15 available),96a38e7c813d8f1d,0
Default,32.00,32.00,0.00,In stock (15 available),efc3768127714ec3,0
Nonfiction,38.49,38.49,0.00,In stock (15 available),dd047728de72ad62,0
Default,33.34,33.34,0.00,In stock (15 available),e7469e22b5bfb3e7,0
Autobiography,10.93,10.93,0.00,In stock (15 available),c99761a700ade23f,0
Business,27.55,27.55,0.00,In stock (15 available),56e4f9eab2e8e674,0
Romance,55.99,55.99,0.00,In stock (15 available),203b7f94b7d6115f,0
Romance,16.24,16.24,0.00,In stock (15 available),ca71e72655bece85,0
Science Fiction,26.12,26.12,0.00,In stock (15 available),2a70769cdc6eb8b8,0
Nonfiction,12.23,12.23,0.00,In stock (15 available),1b33663ad7b95fd8,0
Business,23.99,23.99,0.00,In stock (15 available),0e0dcc3339602b28,0
Add a comment,29.06,29.06,0.00,In stock (15 available),0c27e6c3744fc14b,0
Default,20.27,20.27,0.00,In stock (15 available),ad04ad9fc179fc5d,0
Young Adult,43.55,43.55,0.00,In stock (15 available),1c929cfd16b71907,0
Default,36.94,36.94,0.00,In stock (15 available),e656e280bc8edd56,0
Christian Fiction,20.47,20.47,0.00,In stock (15 available),b53db2271c9624f7,0
Default,41.06,41.06,0.00,In stock (15 available),d9c643fa1fc57bdb,0
Poetry,14.19,14.19,0.00,In stock (15 available),31001a1210623bd4,0
Young Adult,38.28,38.28,0.00,In stock (15 available),50b8f80311b31ede,0
Poetry,41.05,41.05,0.00,In stock (15 available),cfeb1e1e0e695b58,0
Historical Fiction,30.25,30.25,0.00,In stock (15 available),a40723994f715420,0
Add a comment,28.26,28.26,0.00,In stock (15 available),caf4fe9311f1dc59,0
Default,10.76,10.76,0.00,In stock (15 available),af96613fdd793a3c,0
Biography,16.85,16.85,0.00,In stock (15 available),d69dd8dac66f9f84,0
Childrens,13.47,13.47,0.00,In stock (15 available),4aa03792b50f0b22,0
Young Adult,48.56,48.56,0.00,In stock (15 available),ba54932df84e8cea,0
Default,19.15,19.15,0.00,In stock (15 available),c1afd71fc86bf682,0
Womens Fiction,57.36,57.36,0.00,In stock (15 available),fd8585283fc7d2d7,0
Fantasy,42.98,42.98,0.00,In stock (15 available),4ce91d31c1e57c33,0
Default,22.16,22.16,0.00,In stock (15 available),d163dd6c352fbcd2,0
Travel,49.43,49.43,0.00,In stock (15 available),ce60436f52c5ee68,0
Young Adult,29.99,29.99,0.00,In stock (15 available),116a2fdc9a45bab0,0
Horror,21.36,21.36,0.00,In stock (15 available),8585760646e3aa2a,0
Default,29.00,29.00,0.00,In stock (15 available),2f88b08bf0a0e367,0
Fiction,53.53,53.53,0.00,In stock (15 available),edb3097e71330040,0
Sequential Art,41.62,41.62,0.00,In stock (15 available),65d034adf80834b7,0
Default,54.59,54.59,0.00,In stock (15 available),29c0025455f8c585,0
Default,34.95,34.95,0.00,In stock (15 available),6ffb36aaeff1c81e,0
Default,37.72,37.72,0.00,In stock (15 available),f6d967cdadc6fbd9,0
Romance,35.61,35.61,0.00,In stock (15 available),3a11bb962ff45b78,0
Food and Drink,42.16,42.16,0.00,In stock (15 available),46c1530d7546ea6d,0
Erotica,19.19,19.19,0.00,In stock (15 available),88c21fcd38e2486e,0
Nonfiction,19.43,19.43,0.00,In stock (15 available),3b9a3b4624b7fd6d,0
Christian Fiction,49.46,49.46,0.00,In stock (15 available),a57b1dcbd6849222,0
Spirituality,37.80,37.80,0.00,In stock (15 available),513271dadc1322ae,0
Nonfiction,30.80,30.80,0.00,In stock (15 available),1f329c2e7d7de8bd,0
Nonfiction,27.43,27.43,0.00,In stock (15 available),919e7cb2269a25d2,0
Default,11.11,11.11,0.00,In stock (15 available),3f69e667a67e54d9,0
Sequential Art,36.50,36.50,0.00,In stock (15 available),7edc0527cf782e19,0
Sequential Art,15.38,15.38,0.00,In stock (15 available),47271d8e08b5d31c,0
Default,15.48,15.48,0.00,In stock (15 available),05f7c6d9a4e582d3,0
Default,46.82,46.82,0.00,In stock (15 available),d24b829be2ca81c4,0
Default,18.46,18.46,0.00,In stock (15 available),7ebfa6c1bee69e1e,0
Cultural,36.58,36.58,0.00,In stock (15 available),bb8245f52c7cce8f,0
Default,50.54,50.54,0.00,In stock (15 available),ffd54178acc9a6a5,0
Nonfiction,12.51,12.51,0.00,In stock (15 available),d195e7f4ed697350,0
History,24.70,24.70,0.00,In stock (14 available),dd5bfa6cc2c0ecc3,0
Thriller,43.61,43.61,0.00,In stock (14 available),024387ca4cafd5cc,0
Sequential Art,37.34,37.34,0.00,In stock (14 available),047097293bb4d1c0,0
Young Adult,14.36,14.36,0.00,In stock (14 available),3fb15ace50d6142b,0
Politics,52.65,52.65,0.00,In stock (14 available),2b5054a4192e9b06,0
Nonfiction,38.20,38.20,0.00,In stock (14 available),44a10f1ac8ce822e,0
Nonfiction,19.60,19.60,0.00,In stock (14 available),6fd646a334e6e133,0
Sequential Art,53.90,53.90,0.00,In stock (14 available),92275cedf6d8ee15,0
Childrens,12.96,12.96,0.00,In stock (14 available),6a31307a81e8f3a8,0
Default,37.10,37.10,0.00,In stock (14 available),4a1debca3135ff37,0
Young Adult,46.31,46.31,0.00,In stock (14 available),aba2db9afb1469c7,0
Default,45.95,45.95,0.00,In stock (14 available),76c84daa539426e2,0
Childrens,22.08,22.08,0.00,In stock (14 available),1d6443ffba9dfd80,0
Sequential Art,25.38,25.38,0.00,In stock (14 available),6e44bcbeac7f4360,0
Young Adult,27.12,27.12,0.00,In stock (14 available),f0f38174a7e689a3,0
Nonfiction,43.04,43.04,0.00,In stock (14 available),34c0d7c4ee5650af,0
Default,56.80,56.80,0.00,In stock (14 available),08b2f71d93836313,0
Add a comment,25.91,25.91,0.00,In stock (14 available),6875c5657661b2fb,0
Romance,32.61,32.61,0.00,In stock (14 available),c5cb9f885d8b3621,0
Fiction,27.88,27.88,0.00,In stock (14 available),e9906e2f0d189745,0
Fiction,52.67,52.67,0.00,In stock (14 available),081305e6df719dff,0
Fantasy,46.02,46.02,0.00,In stock (14 available),1528279aec1f3dce,0
Default,44.48,44.48,0.00,In stock (14 available),00c4543ec6bd25b4,0
Add a comment,37.40,37.40,0.00,In stock (14 available),e88fb1c9397cfb27,0
Default,54.04,54.04,0.00,In stock (14 available),012094e90a4b908d,0
Default,16.88,16.88,0.00,In stock (14 available),6bdd909329435e80,0
Historical Fiction,28.08,28.08,0.00,In stock (14 available),52cf2a5933ec5d8f,0
Psychology,10.40,10.40,0.00,In stock (14 available),4e812d32d64e2431,0
Humor,44.07,44.07,0.00,In stock (14 available),f21effc079a2b38a,0
Horror,23.40,23.40,0.00,In stock (14 available),2d88a31f325dfd3b,0
Nonfiction,17.43,17.43,0.00,In stock (14 available),4881cc53f6c8892f,0
Mystery,54.21,54.21,0.00,In stock (14 available),3bc89353f7e3a3cc,0
Add a comment,40.67,40.67,0.00,In stock (14 available),f72f61ad6a5f12ed,0
Fantasy,52.26,52.26,0.00,In stock (14 available),992974ba6a0536ea,0
Food and Drink,28.77,28.77,0.00,In stock (14 available),ddc8340dabc8641b,0
Thriller,13.82,13.82,0.00,In stock (14 available),847935fc68707426,0
Fiction,25.85,25.85,0.00,In stock (14 available),a86972014275e072,0
Add a comment,48.78,48.78,0.00,In stock (14 available),3d76bc83c6b644c9,0
Young Adult,35.35,35.35,0.00,In stock (14 available),6edacfd1f8ebb9eb,0
Fantasy,44.73,44.73,0.00,In stock (14 available),dc6f688b82e42a5b,0
Nonfiction,15.77,15.77,0.00,In stock (14 available),923831a05c9f91f7,0
Thriller,39.24,39.24,0.00,In stock (14 available),1b8187fa4bf6ab05,0
Mystery,13.92,13.92,0.00,In stock (14 available),0c7b9cf2b7662b65,0
Mystery,10.69,10.69,0.00,In stock (14 available),2d1e337aaf341858,0
Fiction,45.21,45.21,0.00,In stock (14 available),2c04320e110a14a3,0
Nonfiction,45.58,45.58,0.00,In stock (14 available),4c8b7540409da4ac,0
Sequential Art,11.89,11.89,0.00,In stock (14 available),ac8e3949d284e9a9,0
Fiction,26.41,26.41,0.00,In stock (14 available),fe44cc816576c652,0
Default,39.50,39.50,0.00,In stock (14 available),95019eac1c0a052f,0
Science,44.74,44.74,0.00,In stock (14 available),3edcccc4f341fb1a,0
Contemporary,52.79,52.79,0.00,In stock (14 available),a278db6b2b09cf9f,0
Sequential Art,35.43,35.43,0.00,In stock (14 available),394f6d30cafc3edb,0
Fiction,55.84,55.84,0.00,In stock (14 available),830fb3967c74866d,0
Travel,48.87,48.87,0.00,In stock (14 available),f9705c362f070608,0
Poetry,46.78,46.78,0.00,In stock (14 available),86cbddb61ea78bb7,0
Sequential Art,47.82,47.82,0.00,In stock (14 available),85b2176b3b194030,0
Sequential Art,25.48,25.48,0.00,In stock (14 available),31e2e2d9cca3778f,0
Childrens,23.57,23.57,0.00,In stock (14 available),a6454e329f872b78,0
Poetry,50.89,50.89,0.00,In stock (14 available),aa35446aab16017f,0
Horror,10.56,10.56,0.00,In stock (14 available),af58a74e4b2a23a0,0
Self Help,52.15,52.15,0.00,In stock (14 available),8ecf0356a3878811,0
Childrens,18.28,18.28,0.00,In stock (14 available),e34efcc824685332,0
Humor,11.83,11.83,0.00,In stock (14 available),02b74068fa98d8a4,0
Nonfiction,21.95,21.95,0.00,In stock (14 available),132ec5e8c984adef,0
Sequential Art,38.39,38.39,0.00,In stock (14 available),71e36f33981ddb74,0
Fiction,41.56,41.56,0.00,In stock (14 available),727bf2b86b19ad88,0
Fiction,24.48,24.48,0.00,In stock (14 available),cc82685d9f49bc2c,0
Young Adult,40.36,40.36,0.00,In stock (14 available),137b0b2775701e11,0
Fiction,28.90,28.90,0.00,In stock (14 available),caa2e5b3fb1b2d4c,0
Add a comment,37.61,37.61,0.00,In stock (14 available),47d47155e89c8be7,0
Business,38.85,38.85,0.00,In stock (14 available),b96fc7a0ea7d4b45,0
Childrens,53.95,53.95,0.00,In stock (14 available),5b43cae640f2338a,0
Default,49.83,49.83,0.00,In stock (14 available),d512871626a5e588,0
Sequential Art,51.51,51.51,0.00,In stock (14 available),a10c7515834240f3,0
Music,18.03,18.03,0.00,In stock (14 available),adb5f51c2e2ab13f,0
Nonfiction,29.14,29.14,0.00,In stock (14 available),24af96df0bafb925,0
Default,46.91,46.91,0.00,In stock (14 available),17fb5a88180f9904,0
Nonfiction,26.79,26.79,0.00,In stock (14 available),1174156c4a0eccaa,0
Default,16.28,16.28,0.00,In stock (14 available),708345c9897fd7c5,0
Food and Drink,19.55,19.55,0.00,In stock (14 available),245e6bf08b8d2955,0
Fantasy,29.65,29.65,0.00,In stock (14 available),2b52334fab158861,0
Humor,25.98,25.98,0.00,In stock (14 available),b8a8ff84233f0570,0
Fiction,10.60,10.60,0.00,In stock (14 available),aeff7b87a8e83ebb,0
Humor,14.75,14.75,0.00,In stock (14 available),fbb21a2f71f4d981,0
Default,47.02,47.02,0.00,In stock (14 available),6b6cd77fbc91b7a6,0
Romance,28.82,28.82,0.00,In stock (14 available),0b165bd4b9f42fd5,0
Nonfiction,58.79,58.79,0.00,In stock (14 available),afa829857f82f99e,0
Default,10.23,10.23,0.00,In stock (14 available),f201f263d8c23f97,0
Religion,30.03,30.03,0.00,In stock (14 available),eec424a84c9e4c68,0
Historical Fiction,45.84,45.84,0.00,In stock (14 available),de4b403cb629a29f,0
Art,49.05,49.05,0.00,In stock (14 available),9194ae88379dbf1a,0
Nonfiction,15.06,15.06,0.00,In stock (14 available),ac4dde0d1be05de0,0
Default,46.47,46.47,0.00,In stock (14 available),a2bd4ca82d908442,0
Fiction,27.09,27.09,0.00,In stock (14 available),9eaf58b03a2779cc,0
Sequential Art,57.62,57.62,0.00,In stock (14 available),27c5968fe43cc06e,0
Fiction,14.39,14.39,0.00,In stock (14 available),1d6dd0c87d90fe92,0
Nonfiction,51.75,51.75,0.00,In stock (14 available),a01f6d368ef64dc5,0
Health,54.07,54.07,0.00,In stock (14 available),047dfa57ba0bf638,0
Young Adult,55.35,55.35,0.00,In stock (14 available),ad2887ce04583910,0
Horror,40.12,40.12,0.00,In stock (14 available),bf5de316a5e9a4ab,0
Fantasy,37.51,37.51,0.00,In stock (14 available),3c6fe637a0180b01,0
Fiction,11.21,11.21,0.00,In stock (14 available),94a958ea126cdcd5,0
Default,36.58,36.58,0.00,In stock (14 available),0e94a089328be4bc,0
Christian,47.72,47.72,0.00,In stock (14 available),4b9d9cfe0f435788,0
Fiction,25.01,25.01,0.00,In stock (14 available),28cf0d1c51b491e5,0
Add a comment,22.13,22.13,0.00,In stock (14 available),33a3e0e3ffde0dcd,0
Default,44.14,44.14,0.00,In stock (14 available),42b0c50fc44140ec,0
Fantasy,56.02,56.02,0.00,In stock (14 available),966ebb738e0f9d9b,0
Default,11.23,11.23,0.00,In stock (14 available),1e264c677d4ee4ae,0
Default,43.28,43.28,0.00,In stock (14 available),5b987e54ee72525c,0
Default,47.27,47.27,0.00,In stock (14 available),8a6ec2761f91dad2,0
Add a comment,20.29,20.29,0.00,In stock (14 available),bfbb54bc8cdeed2b,0
Young Adult,50.83,50.83,0.00,In stock (14 available),e2e7b683b4c15b7d,0
Default,31.85,31.85,0.00,In stock (14 available),1b0fc9f777cad045,0
Default,46.23,46.23,0.00,In stock (14 available),5f22418922fa728b,0
Nonfiction,37.80,37.80,0.00,In stock (14 available),16ef91b9d827859c,0
Nonfiction,49.32,49.32,0.00,In stock (14 available),a80f66b254fe9eb3,0
Sequential Art,32.01,32.01,0.00,In stock (14 available),bf68dcb5fad3cc8c,0
Food and Drink,28.01,28.01,0.00,In stock (14 available),999912e63a3262ae,0
Food and Drink,50.62,50.62,0.00,In stock (14 available),0e0da9192a025efc,0
Fiction,17.03,17.03,0.00,In stock (14 available),9b65f676984c9f0c,0
Sequential Art,48.80,48.80,0.00,In stock (14 available),ffdc825785c0ede8,0
Young Adult,58.14,58.14,0.00,In stock (14 available),41164b8ac02a2c42,0
Add a comment,34.20,34.20,0.00,In stock (14 available),1fbb5f786e53a0ce,0
Default,51.48,51.48,0.00,In stock (14 available),ad41c24ccac0c7ce,0
Historical,29.87,29.87,0.00,In stock (14 available),39861fc1c0845d15,0
Sequential Art,10.90,10.90,0.00,In stock (14 available),5319169a72714c62,0
Nonfiction,56.37,56.37,0.00,In stock (14 available),cf1aa2fc02a7d1e0,0
Mystery,48.35,48.35,0.00,In stock (14 available),4416c474713ec1f5,0
Mystery,16.73,16.73,0.00,In stock (14 available),63ee5bc46066a8a8,0
Add a comment,56.48,56.48,0.00,In stock (14 available),c1379d3744f1dd2c,0
Add a comment,40.79,40.79,0.00,In stock (14 available),1ad06aed9349af46,0
Fiction,39.72,39.72,0.00,In stock (14 available),8682c03de6a844ff,0
History,14.58,14.58,0.00,In stock (14 available),d5e0526e1ab682a3,0
Add a comment,55.51,55.51,0.00,In stock (14 available),01a177623cce9596,0
History,21.80,21.80,0.00,In stock (14 available),6e8e5626ac4d279e,0
Default,13.33,13.33,0.00,In stock (13 available),ac5e0d3938caf686,0
Fantasy,38.73,38.73,0.00,In stock (13 available),2f0213137a80d485,0
Add a comment,37.86,37.86,0.00,In stock (13 available),44d97b6707dae3f0,0
Food and Drink,11.53,11.53,0.00,In stock (13 available),8bbd7df8a324f31d,0
Nonfiction,27.06,27.06,0.00,In stock (13 available),4be9d1910f8a4e80,0
Womens Fiction,13.86,13.86,0.00,In stock (12 available),077b635ff2afc578,0
Science,37.55,37.55,0.00,In stock (12 available),148715df5a02ea5e,0
Fantasy,32.30,32.30,0.00,In stock (12 available),4a7a25be293ad678,0
Fiction,46.29,46.29,0.00,In stock (12 available),ce1ae197ada2aec4,0
Add a comment,26.20,26.20,0.00,In stock (12 available),14e44163678e24dc,0
Nonfiction,33.26,33.26,0.00,In stock (12 available),582a21a1dbbef3cf,0
Add a comment,59.15,59.15,0.00,In stock (12 available),3063c7e95d0bf76f,0
Psychology,39.43,39.43,0.00,In stock (12 available),235fa48eeed11d82,0
Young Adult,14.44,14.44,0.00,In stock (12 available),f732d7d18a91d2ba,0
Fiction,56.54,56.54,0.00,In stock (12 available),c6ca293d4810e0d5,0
Nonfiction,59.90,59.90,0.00,In stock (12 available),54fc03f1e1d355db,0
Add a comment,11.88,11.88,0.00,In stock (12 available),64fd010bf8d15096,0
Young Adult,48.05,48.05,0.00,In stock (12 available),b63ea3f7a57ae099,0
Nonfiction,21.21,21.21,0.00,In stock (12 available),f40fea200e0c644f,0
Default,49.67,49.67,0.00,In stock (12 available),ebf81a62e4798fd1,0
Business,43.14,43.14,0.00,In stock (12 available),8976d9161c027142,0
Horror,36.97,36.97,0.00,In stock (12 available),b8d7b3f5c7a95d65,0
Mystery,26.80,26.80,0.00,In stock (12 available),abdd91e96515a617,0
Add a comment,15.71,15.71,0.00,In stock (12 available),81ef44fcc5f454df,0
Young Adult,54.65,54.65,0.00,In stock (12 available),db84624b151cbe06,0
Mystery,54.36,54.36,0.00,In stock (12 available),e7fe3bf2768602cf,0
Mystery,35.28,35.28,0.00,In stock (12 available),c039f5aceb093537,0
Historical Fiction,20.55,20.55,0.00,In stock (12 available),9546d537fbf99eb6,0
Default,58.32,58.32,0.00,In stock (12 available),b978c9852cde91bd,0
Mystery,11.84,11.84,0.00,In stock (12 available),bddc6fd036eb6279,0
Nonfiction,41.46,41.46,0.00,In stock (12 available),c6a29d6df8de968c,0
Food and Drink,20.10,20.10,0.00,In stock (12 available),76319fe9d8b465a3,0
Politics,56.86,56.86,0.00,In stock (12 available),3968e3fbf4695d7c,0
Default,56.51,56.51,0.00,In stock (12 available),6983328f15506cb9,0
Romance,40.83,40.83,0.00,In stock (12 available),df7e628bad5782b4,0
Horror,48.64,48.64,0.00,In stock (12 available),d069086944f2e330,0
Mystery,59.48,59.48,0.00,In stock (12 available),49b24c6a41b82bd2,0
Historical Fiction,39.01,39.01,0.00,In stock (12 available),63343e287971bb0c,0
Food and Drink,38.77,38.77,0.00,In stock (12 available),a4eef523118805ef,0
Default,48.39,48.39,0.00,In stock (11 available),515cb8fcafb1ad98,0
Mystery,27.26,27.26,0.00,In stock (11 available),6159d8b187831770,0
Nonfiction,11.68,11.68,0.00,In stock (11 available),985991708c47003e,0
Fiction,59.45,59.45,0.00,In stock (11 available),437d8dea9272d0a9,0
Business,21.00,21.00,0.00,In stock (11 available),1c584f82a7a1c4f0,0
Romance,53.98,53.98,0.00,In stock (11 available),cf62fa272b5f0fa3,0
Science Fiction,48.74,48.74,0.00,In stock (11 available),f435aa99d864077d,0
Biography,21.15,21.15,0.00,In stock (11 available),b06599b108e83f98,0
Mystery,13.71,13.71,0.00,In stock (11 available),05a61a3bd8ca4149,0
Romance,47.67,47.67,0.00,In stock (11 available),b783ce08802cd1d1,0
Fiction,13.34,13.34,0.00,In stock (11 available),47e1b2d43f709995,0
Nonfiction,16.89,16.89,0.00,In stock (11 available),28b2df9fadc9f07e,0
Autobiography,27.18,27.18,0.00,In stock (11 available),5569c3fea112718e,0
Historical Fiction,17.28,17.28,0.00,In stock (11 available),bade9943ee01b63f,0
Fiction,45.14,45.14,0.00,In stock (11 available),469508882dfc1991,0
Autobiography,40.85,40.85,0.00,In stock (11 available),825d6c44da3ca5a6,0
Womens Fiction,20.46,20.46,0.00,In stock (11 available),20dc4f1ac5d4fd9c,0
Psychology,56.27,56.27,0.00,In stock (11 available),ce8666d9b42fc9a0,0
Womens Fiction,48.49,48.49,0.00,In stock (11 available),b5953ca1f8a0b8d7,0
Young Adult,51.34,51.34,0.00,In stock (11 available),c65c25d990fc7025,0
Fiction,16.34,16.34,0.00,In stock (11 available),f608c903c451f387,0
Food and Drink,20.50,20.50,0.00,In stock (11 available),2587c54f5530dafc,0
Business,21.59,21.59,0.00,In stock (11 available),816180220e8cb419,0
Science Fiction,21.36,21.36,0.00,In stock (11 available),2c34f9432069b52b,0
Default,20.88,20.88,0.00,In stock (11 available),bb967277222e689c,0
Nonfiction,19.53,19.53,0.00,In stock (11 available),2b69dec0193511d9,0
Romance,14.75,14.75,0.00,In stock (11 available),40c4bf520c17de54,0
Fiction,48.48,48.48,0.00,In stock (11 available),a9d7b75461084a26,0
Nonfiction,24.57,24.57,0.00,In stock (10 available),34669b2e9d407d3a,0
Health,49.71,49.71,0.00,In stock (10 available),96aa539bfd4c07e2,0
Add a comment,48.27,48.27,0.00,In stock (9 available),ab60e6f5a63e1cfb,0
Add a comment,58.05,58.05,0.00,In stock (9 available),d1848064c54e01c7,0
Default,58.87,58.87,0.00,In stock (9 available),4fd0a2a350f016e6,0
Default,11.82,11.82,0.00,In stock (9 available),0967effecd292a86,0
Fiction,28.03,28.03,0.00,In stock (9 available),903a9f8090104c2c,0
Default,44.05,44.05,0.00,In stock (9 available),4b50fb1359ebf35d,0
Food and Drink,12.34,12.34,0.00,In stock (9 available),65cfc9f242c2984a,0
Default,16.68,16.68,0.00,In stock (9 available),33396269bcce166f,0
Science,55.91,55.91,0.00,In stock (9 available),ca74f2e3c35a3e77,0
Religion,24.57,24.57,0.00,In stock (9 available),3f25a2fedae191cc,0
Health,52.98,52.98,0.00,In stock (9 available),f9c87ccb2bc4853b,0
Young Adult,54.40,54.40,0.00,In stock (9 available),e77594ece9b9d1fe,0
Novels,54.81,54.81,0.00,In stock (9 available),0e095ed785af7e43,0
Childrens,25.08,25.08,0.00,In stock (9 available),913e7109cec0cb4c,0
Default,10.41,10.41,0.00,In stock (9 available),ee6c67859d70186b,0
Default,47.44,47.44,0.00,In stock (9 available),6baac632f7711e26,0
Spirituality,20.91,20.91,0.00,In stock (9 available),8fab4c4f6f82a4ce,0
Sequential Art,33.95,33.95,0.00,In stock (9 available),97187f5cf0385da3,0
Humor,43.68,43.68,0.00,In stock (9 available),7e9068872228c474,0
Young Adult,33.23,33.23,0.00,In stock (9 available),e845d305f64154f1,0
Nonfiction,35.92,35.92,0.00,In stock (9 available),7186241e043de5dc,0
Art,48.63,48.63,0.00,In stock (9 available),d6d9ffea95f2f8bf,0
Fantasy,56.63,56.63,0.00,In stock (9 available),63d5f1651880dcea,0
Add a comment,50.49,50.49,0.00,In stock (9 available),c181ca8eabe7d18c,0
Add a comment,35.79,35.79,0.00,In stock (9 available),61cf7eb9d2cd8bb0,0
Nonfiction,34.06,34.06,0.00,In stock (8 available),e77033ce559947f7,0
Nonfiction,17.76,17.76,0.00,In stock (8 available),04f6c929888f4f11,0
Nonfiction,39.36,39.36,0.00,In stock (8 available),b69c852e7e3956af,0
Travel,36.94,36.94,0.00,In stock (8 available),1809259a5a5f1d8d,0
Default,43.62,43.62,0.00,In stock (8 available),e0bdd79c7304ee8d,0
Art,43.02,43.02,0.00,In stock (8 available),3eec766dda26fa64,0
Nonfiction,28.45,28.45,0.00,In stock (8 available),5a0d2e9284004266,0
Default,41.39,41.39,0.00,In stock (8 available),9afd00e81d6208e6,0
Fiction,51.15,51.15,0.00,In stock (8 available),4f283dfcbeccc0d4,0
Short Stories,35.88,35.88,0.00,In stock (8 available),1bba4b1ba23ed2d6,0
Business,36.91,36.91,0.00,In stock (8 available),a2308a936e898d48,0
Young Adult,28.93,28.93,0.00,In stock (8 available),331c26103d885cae,0
Nonfiction,38.89,38.89,0.00,In stock (8 available),a2475a245c9907c4,0
Suspense,58.33,58.33,0.00,In stock (8 available),e46a164cf310fd7d,0
Christian Fiction,39.67,39.67,0.00,In stock (8 available),bee6e93e9976f4fa,0
Sequential Art,14.10,14.10,0.00,In stock (8 available),aeb51dfbe8aeec59,0
Nonfiction,21.82,21.82,0.00,In stock (8 available),52fc458ffc756faf,0
Philosophy,54.21,54.21,0.00,In stock (8 available),d56d0710668bb39c,0
Music,31.19,31.19,0.00,In stock (8 available),4a823d80aa30dbb0,0
Poetry,53.64,53.64,0.00,In stock (8 available),c0fc0cd215ee1724,0
Young Adult,36.39,36.39,0.00,In stock (8 available),9a7291b89bd5445c,0
Fiction,58.54,58.54,0.00,In stock (8 available),bff270fe9c86a5a9,0
Nonfiction,29.48,29.48,0.00,In stock (8 available),4729afff3bea0f0a,0
Nonfiction,25.06,25.06,0.00,In stock (8 available),4d3a4c7b442a9a4e,0
Nonfiction,12.55,12.55,0.00,In stock (8 available),044534b0b28b4e87,0
Poetry,29.04,29.04,0.00,In stock (8 available),c44c5e1425475206,0
Default,40.72,40.72,0.00,In stock (8 available),29af1a2566c4e36e,0
Music,45.05,45.05,0.00,In stock (8 available),39eefec3a8498dde,0
Philosophy,47.13,47.13,0.00,In stock (8 available),0cf57cb49272fd37,0
Default,20.22,20.22,0.00,In stock (8 available),bd26e8a79a856c31,0
Default,56.48,56.48,0.00,In stock (8 available),0ab4b35dcffcffd1,0
Nonfiction,44.21,44.21,0.00,In stock (8 available),bbf1ea50be8008ab,0
Fiction,21.96,21.96,0.00,In stock (8 available),0bfdef63285d3019,0
Poetry,40.45,40.45,0.00,In stock (8 available),b7870fa6dc088fbb,0
Art,10.29,10.29,0.00,In stock (8 available),8a150fd8ff5d7686,0
Default,52.86,52.86,0.00,In stock (8 available),d48c1369927ebef1,0
Young Adult,55.65,55.65,0.00,In stock (8 available),df6a7c43faa6732b,0
Default,43.64,43.64,0.00,In stock (8 available),e049d44c4f1cf1b2,0
Science,28.41,28.41,0.00,In stock (8 available),0c11e2d068768dbb,0
Default,37.51,37.51,0.00,In stock (8 available),4dbd54d9e36c9566,0
History,11.45,11.45,0.00,In stock (8 available),7f5157bf53065d36,0
Nonfiction,19.22,19.22,0.00,In stock (8 available),77e9ea355bd8ae57,0
Nonfiction,56.91,56.91,0.00,In stock (8 available),04e3de7ac35ec5cd,0
Nonfiction,55.06,55.06,0.00,In stock (8 available),15ebd83e53d0391b,0
Nonfiction,13.20,13.20,0.00,In stock (8 available),fef91502cbacf23a,0
Food and Drink,53.63,53.63,0.00,In stock (8 available),b1a227b7609ff263,0
History,44.48,44.48,0.00,In stock (8 available),f16c2edb2a603f92,0
Self Help,12.08,12.08,0.00,In stock (7 available),88ec621893e595d0,0
Default,22.14,22.14,0.00,In stock (7 available),b46d022080543144,0
Mystery,25.37,25.37,0.00,In stock (7 available),9735c969c652dd89,0
Spirituality,46.33,46.33,0.00,In stock (7 available),48cb52d78c992487,0
Travel,37.33,37.33,0.00,In stock (7 available),a94350ee74deaa07,0
Humor,25.55,25.55,0.00,In stock (7 available),4242cc3d0437db12,0
Default,34.72,34.72,0.00,In stock (7 available),4a0b78598b42897a,0
Childrens,35.96,35.96,0.00,In stock (7 available),0ff9d10864db8364,0
Art,41.14,41.14,0.00,In stock (7 available),9147c5251cc99eb1,0
Science,10.01,10.01,0.00,In stock (7 available),0345872b14f9e774,0
Default,36.05,36.05,0.00,In stock (7 available),a8dbf1c6b41b885a,0
Default,49.03,49.03,0.00,In stock (7 available),f935412970c9f58f,0
Add a comment,16.24,16.24,0.00,In stock (7 available),47f4fd3e8e1dac05,0
Biography,39.55,39.55,0.00,In stock (7 available),57f85720e54d6442,0
Add a comment,35.67,35.67,0.00,In stock (7 available),7a10353c9c54cf7c,0
Historical Fiction,16.62,16.62,0.00,In stock (7 available),24933c712f0bca2f,0
Fiction,42.78,42.78,0.00,In stock (7 available),d250657f0ebc5d73,0
Mystery,52.30,52.30,0.00,In stock (7 available),20789fb17b423c4c,0
Art,32.34,32.34,0.00,In stock (7 available),4b8fa561a1e52d1c,0
Default,33.17,33.17,0.00,In stock (7 available),5fbd03b1ac0a0e69,0
Add a comment,20.12,20.12,0.00,In stock (7 available),ba047a636b7d3793,0
Default,20.90,20.90,0.00,In stock (7 available),8776181be110838a,0
Romance,20.90,20.90,0.00,In stock (7 available),bd087cf6a846db75,0
Fiction,40.20,40.20,0.00,In stock (7 available),7ffebdd1d5148aef,0
Childrens,52.87,52.87,0.00,In stock (7 available),9639e89d20228e6e,0
Business,51.74,51.74,0.00,In stock (7 available),8486f61aa81a3daa,0
Childrens,34.41,34.41,0.00,In stock (7 available),31c56c4d0fe19340,0
Childrens,32.38,32.38,0.00,In stock (7 available),68008abf6409dfde,0
Young Adult,50.35,50.35,0.00,In stock (7 available),746029796363aa51,0
Food and Drink,11.38,11.38,0.00,In stock (7 available),924438fc6cbec836,0
Womens Fiction,43.58,43.58,0.00,In stock (7 available),725cd8d23d78cdca,0
Fiction,49.67,49.67,0.00,In stock (7 available),dac4b5847454fd9b,0
Christian Fiction,28.77,28.77,0.00,In stock (7 available),b6670507e85b30e6,0
Default,13.22,13.22,0.00,In stock (7 available),40cdcbb7692fd408,0
Poetry,51.17,51.17,0.00,In stock (7 available),b74ee891e2a6dd69,0
Fantasy,39.61,39.61,0.00,In stock (7 available),4c82371b8cd02d4d,0
Add a comment,57.43,57.43,0.00,In stock (7 available),68407606544d6f22,0
Food and Drink,46.01,46.01,0.00,In stock (7 available),2a9fcb3382d351c8,0
Food and Drink,28.25,28.25,0.00,In stock (7 available),eff5710404e2ff78,0
Add a comment,37.05,37.05,0.00,In stock (7 available),c00bc29a678a6efb,0
Sequential Art,19.57,19.57,0.00,In stock (7 available),de6d7645f192d517,0
Nonfiction,45.13,45.13,0.00,In stock (7 available),2e40333991f56f45,0
Nonfiction,46.64,46.64,0.00,In stock (7 available),4e78f06160b717ac,0
Fantasy,12.16,12.16,0.00,In stock (7 available),4fa75fc6829431ca,0
Mystery,20.89,20.89,0.00,In stock (7 available),4e980425468708da,0
Christian Fiction,17.97,17.97,0.00,In stock (7 available),4807043b8218e9ce,0
Music,52.60,52.60,0.00,In stock (7 available),4781b6bfd6f7a2c5,0
Christian,25.77,25.77,0.00,In stock (7 available),a322361a37a78d3d,0
Biography,48.19,48.19,0.00,In stock (7 available),5b546a46a86a9d8c,0
Philosophy,29.93,29.93,0.00,In stock (7 available),6b52904b2ab91bf6,0
Travel,44.34,44.34,0.00,In stock (7 available),cc1936a9f4e93477,0
History,52.40,52.40,0.00,In stock (7 available),6c7fa6844380f50a,0
Fantasy,44.81,44.81,0.00,In stock (7 available),d1378a0ad06ff979,0
Default,57.84,57.84,0.00,In stock (6 available),5ba3d703d1ae0c1d,0
History,39.67,39.67,0.00,In stock (6 available),774fa432bd7d9c47,0
Default,55.02,55.02,0.00,In stock (6 available),fd364afd082f5446,0
Mystery,24.80,24.80,0.00,In stock (6 available),2da5edf8b5776c9a,0
Nonfiction,59.45,59.45,0.00,In stock (6 available),60376aa71be66083,0
Default,31.58,31.58,0.00,In stock (6 available),2efa5a839e62b1bd,0
Add a comment,43.27,43.27,0.00,In stock (6 available),d326e189b1210916,0
Historical Fiction,37.34,37.34,0.00,In stock (6 available),e6635f5b0a2c78db,0
Default,17.80,17.80,0.00,In stock (6 available),72b5355dda190b6a,0
Travel,30.54,30.54,0.00,In stock (6 available),48736df57e7bec9f,0
Add a comment,18.77,18.77,0.00,In stock (6 available),d33824cb93ecab6f,0
Add a comment,46.85,46.85,0.00,In stock (6 available),2bc80eba94950873,0
Historical,15.79,15.79,0.00,In stock (6 available),eb7459e0c570251d,0
Default,10.27,10.27,0.00,In stock (6 available),cb17945cb90b7837,0
Poetry,15.42,15.42,0.00,In stock (6 available),3d250ab0f12be445,0
Food and Drink,59.92,59.92,0.00,In stock (6 available),6478ccb4416e6a5d,0
Young Adult,50.96,50.96,0.00,In stock (6 available),2a1b3d967cda1da2,0
Default,30.60,30.60,0.00,In stock (6 available),8d8e9f9b8730eb25,0
Add a comment,19.27,19.27,0.00,In stock (6 available),720c36b2bee4692e,0
Default,46.58,46.58,0.00,In stock (6 available),6d235933670503d9,0
Add a comment,48.51,48.51,0.00,In stock (6 available),f38f37ed934d84b2,0
Fiction,19.02,19.02,0.00,In stock (6 available),7a2b51f69e81c722,0
Mystery,38.38,38.38,0.00,In stock (6 available),6958de044cb28a84,0
Nonfiction,49.98,49.98,0.00,In stock (6 available),fe0f34ebed689381,0
Self Help,46.49,46.49,0.00,In stock (6 available),e792c0969cefe1b8,0
Thriller,18.32,18.32,0.00,In stock (6 available),012170e4fc87ace0,0
Nonfiction,42.14,42.14,0.00,In stock (6 available),384c7d41d5ffe9d1,0
Add a comment,56.59,56.59,0.00,In stock (6 available),56a34d0cec11d6b0,0
Sequential Art,20.96,20.96,0.00,In stock (6 available),97258f576d4bb672,0
Fiction,40.32,40.32,0.00,In stock (6 available),4e3b183180e2a992,0
Sequential Art,36.39,36.39,0.00,In stock (6 available),6e06d0f00f6da20f,0
History,58.55,58.55,0.00,In stock (6 available),f3c70d296ec796c4,0
Food and Drink,39.61,39.61,0.00,In stock (6 available),faf841f81c52638b,0
Psychology,21.30,21.30,0.00,In stock (6 available),46cb43c2ab133ccc,0
Travel,56.88,56.88,0.00,In stock (6 available),9e60929f521fa280,0
Historical Fiction,32.97,32.97,0.00,In stock (5 available),2e5b4ff08a75fd02,0
Young Adult,47.31,47.31,0.00,In stock (5 available),e75f3ae1da1cc652,0
Nonfiction,48.67,48.67,0.00,In stock (5 available),759ee7d059b1beb8,0
Young Adult,41.73,41.73,0.00,In stock (5 available),60369d96b7b80869,0
Default,53.68,53.68,0.00,In stock (5 available),163d89116179c33f,0
Young Adult,14.64,14.64,0.00,In stock (5 available),3a7d54a264d9f33e,0
Music,38.40,38.40,0.00,In stock (5 available),bc209a900101f28d,0
Classics,15.08,15.08,0.00,In stock (5 available),abbb492978ff656d,0
Add a comment,30.57,30.57,0.00,In stock (5 available),2e4fc5eacceec12c,0
Fantasy,57.74,57.74,0.00,In stock (5 available),e0b3a679b83caccc,0
Food and Drink,11.05,11.05,0.00,In stock (5 available),f701fae56b645ef7,0
Classics,28.58,28.58,0.00,In stock (5 available),93379e3a2072a01b,0
History,42.91,42.91,0.00,In stock (5 available),0d210d2448c3018f,0
Fiction,24.73,24.73,0.00,In stock (5 available),dfd9ff1f343cdaff,0
History,55.91,55.91,0.00,In stock (5 available),c4589ee5977a47be,0
Science,13.76,13.76,0.00,In stock (5 available),3213b1f13f5f0f7c,0
Fiction,45.56,45.56,0.00,In stock (5 available),ad84f18659e6bfe2,0
Default,47.22,47.22,0.00,In stock (5 available),3661360c99719414,0
Fantasy,56.00,56.00,0.00,In stock (5 available),a2a9f76339d21ab1,0
Fiction,44.58,44.58,0.00,In stock (5 available),fe7210553d56c097,0
Default,34.50,34.50,0.00,In stock (5 available),fec06f52054ea900,0
Young Adult,11.33,11.33,0.00,In stock (5 available),c4182bdb53e2459a,0
Poetry,38.77,38.77,0.00,In stock (5 available),b228042c088b1913,0
Default,11.83,11.83,0.00,In stock (5 available),b716233fcb6877e6,0
Fantasy,45.51,45.51,0.00,In stock (5 available),84126312e2431a09,0
Young Adult,41.81,41.81,0.00,In stock (5 available),50d5a7b861ed1c54,0
Nonfiction,25.15,25.15,0.00,In stock (5 available),1dba84766a5e87b8,0
Fiction,34.22,34.22,0.00,In stock (5 available),84bb29c53592ac40,0
Default,16.23,16.23,0.00,In stock (5 available),59a8ae019b64f2a7,0
Default,11.48,11.48,0.00,In stock (5 available),2973d38c2fbd7a5c,0
Horror,23.37,23.37,0.00,In stock (5 available),e958ae92f328c181,0
Science,16.28,16.28,0.00,In stock (5 available),6036239d2ab349b7,0
Nonfiction,31.63,31.63,0.00,In stock (5 available),a4ce39a3720cd679,0
Food and Drink,24.91,24.91,0.00,In stock (5 available),12a90b90283b2e6d,0
Childrens,22.54,22.54,0.00,In stock (5 available),81c68492ccd72941,0
Young Adult,23.63,23.63,0.00,In stock (5 available),5e1a88d248599768,0
Academic,13.12,13.12,0.00,In stock (5 available),7093cf549cd2e7de,0
Fiction,59.98,59.98,0.00,In stock (5 available),07e6810fd3236bda,0
Thriller,31.49,31.49,0.00,In stock (5 available),8dde2ff3f6fcc0a3,0
Young Adult,15.52,15.52,0.00,In stock (5 available),44f545727e704187,0
Young Adult,48.13,48.13,0.00,In stock (5 available),45045146dbf7b009,0
Default,38.13,38.13,0.00,In stock (5 available),7284d85428305f5a,0
Default,36.55,36.55,0.00,In stock (5 available),d219d4e325e6f204,0
Default,23.32,23.32,0.00,In stock (5 available),6c49258724f11770,0
Sequential Art,16.33,16.33,0.00,In stock (5 available),3fd83dcf37bf1bc0,0
Science Fiction,32.42,32.42,0.00,In stock (5 available),3fc124f59f3068e4,0
Default,16.96,16.96,0.00,In stock (5 available),630e766f0a1987dd,0
Add a comment,22.37,22.37,0.00,In stock (5 available),b28c7d07afa7063b,0
Add a comment,42.27,42.27,0.00,In stock (5 available),75cc85cdbe9ad46b,0
Default,38.70,38.70,0.00,In stock (5 available),d5ad4c92d8bf26c9,0
Horror,35.63,35.63,0.00,In stock (5 available),e46b1074b99ac4b6,0
Fiction,58.00,58.00,0.00,In stock (5 available),94bb629a3f6dd00b,0
Sequential Art,52.41,52.41,0.00,In stock (5 available),1c0a38899c82b60a,0
Nonfiction,32.35,32.35,0.00,In stock (5 available),bcf567421c581f0a,0
Philosophy,20.75,20.75,0.00,In stock (5 available),429b4a811bef386c,0
Poetry,17.49,17.49,0.00,In stock (5 available),b54d7416bb445989,0
Default,34.13,34.13,0.00,In stock (5 available),ad5e078beceaeb4a,0
Autobiography,58.81,58.81,0.00,In stock (5 available),612369a5947a012e,0
Young Adult,10.00,10.00,0.00,In stock (5 available),f36d24c309e87e5b,0
History,51.22,51.22,0.00,In stock (5 available),add33db6ff80db24,0
Default,58.59,58.59,0.00,In stock (5 available),d9290e99f189ce84,0
Romance,31.30,31.30,0.00,In stock (5 available),cf3b86489890b9f2,0
Add a comment,46.42,46.42,0.00,In stock (5 available),03cbb67c0f990d87,0
Fantasy,17.21,17.21,0.00,In stock (5 available),f2c8f4b4c94d5c5c,0
Add a comment,10.79,10.79,0.00,In stock (5 available),89a89e76f3516357,0
Default,52.35,52.35,0.00,In stock (4 available),a8f4577a48023344,0
Default,27.88,27.88,0.00,In stock (4 available),d4de23aa98acc65b,0
Classics,50.26,50.26,0.00,In stock (4 available),6053ddf69c967d5f,0
Romance,59.99,59.99,0.00,In stock (4 available),9cc207168a03470d,0
Historical Fiction,28.32,28.32,0.00,In stock (4 available),011674f4a3834b8d,0
Nonfiction,38.71,38.71,0.00,In stock (4 available),6a57286a8890d8c5,0
Default,29.85,29.85,0.00,In stock (4 available),6d2f70d9424f41a1,0
Classics,14.82,14.82,0.00,In stock (4 available),6587f46697fc4443,0
Nonfiction,16.81,16.81,0.00,In stock (4 available),45033bdf3d9ed158,0
Nonfiction,28.23,28.23,0.00,In stock (4 available),c65ee14957c0fa5c,0
Fantasy,52.11,52.11,0.00,In stock (4 available),ff2dffba388d9922,0
Sequential Art,27.88,27.88,0.00,In stock (4 available),df53c2948b32bde3,0
Thriller,59.71,59.71,0.00,In stock (4 available),9c4d061c1e2fe6bf,0
Fantasy,46.08,46.08,0.00,In stock (4 available),8930013d06942df1,0
Womens Fiction,13.73,13.73,0.00,In stock (4 available),31f5bbf4974d29c9,0
Womens Fiction,48.39,48.39,0.00,In stock (4 available),38199c5d7da0c0ef,0
Fantasy,49.45,49.45,0.00,In stock (4 available),ae884ac655d6ee3e,0
Default,19.67,19.67,0.00,In stock (4 available),5de4baa88061a77a,0
Music,12.36,12.36,0.00,In stock (4 available),2ba5ccc84d35006c,0
Music,20.02,20.02,0.00,In stock (4 available),3a95f5a2df4ff921,0
Horror,12.75,12.75,0.00,In stock (4 available),869d20b3b8128230,0
Horror,47.51,47.51,0.00,In stock (4 available),70b585c9d0f15725,0
Default,20.44,20.44,0.00,In stock (4 available),5212c6acea3359e5,0
Horror,34.79,34.79,0.00,In stock (4 available),81d4191030b9704b,0
Classics,28.07,28.07,0.00,In stock (4 available),deda806b68b0aa11,0
Horror,25.01,25.01,0.00,In stock (4 available),670a2773607d785d,0
Default,13.90,13.90,0.00,In stock (4 available),ac337893a9fe0085,0
Young Adult,24.17,24.17,0.00,In stock (4 available),eff24325e0ede639,0
Fantasy,31.63,31.63,0.00,In stock (4 available),5a6b7155f2797537,0
Fantasy,48.75,48.75,0.00,In stock (4 available),73f4f87dd936ee5c,0
Fantasy,14.74,14.74,0.00,In stock (4 available),c7c4f55b7321cba7,0
Classics,32.49,32.49,0.00,In stock (4 available),23310ce84d3c9f85,0
Nonfiction,27.80,27.80,0.00,In stock (4 available),ddbc5530d2939d49,0
Historical Fiction,26.77,26.77,0.00,In stock (4 available),5eff05e59f905a49,0
Sequential Art,50.44,50.44,0.00,In stock (4 available),8fff1084aa085a13,0
Thriller,34.93,34.93,0.00,In stock (4 available),ad15a9a139919918,0
Romance,12.87,12.87,0.00,In stock (4 available),2b69d289279aabfd,0
Default,48.94,48.94,0.00,In stock (4 available),a2dc754afb69bb32,0
Romance,13.38,13.38,0.00,In stock (4 available),aaebac5fda798b1b,0
Classics,58.63,58.63,0.00,In stock (4 available),2798974abc8a58a8,0
Womens Fiction,21.94,21.94,0.00,In stock (4 available),0812f54c93d726ce,0
Fiction,26.58,26.58,0.00,In stock (4 available),78a4ac98191ac675,0
Classics,57.22,57.22,0.00,In stock (4 available),1451b55e5e56bb89,0
Romance,56.43,56.43,0.00,In stock (4 available),aead11697d14ea36,0
Spirituality,55.65,55.65,0.00,In stock (4 available),f6ae39568db1130e,0
Religion,27.62,27.62,0.00,In stock (4 available),d12ca4020c2f602e,0
Horror,49.56,49.56,0.00,In stock (4 available),6e9403f00acd6752,0
Default,34.77,34.77,0.00,In stock (3 available),634b7165c96ebb9f,0
Classics,17.73,17.73,0.00,In stock (3 available),5a7ff9aaa3168878,0
Default,21.80,21.80,0.00,In stock (3 available),5d55202da0252627,0
Default,46.02,46.02,0.00,In stock (3 available),d30b9215c72cca87,0
Default,18.13,18.13,0.00,In stock (3 available),07bb35158d9dd3d2,0
Humor,30.89,30.89,0.00,In stock (3 available),dab0196cd5fc8e5e,0
Nonfiction,31.95,31.95,0.00,In stock (3 available),06bab964fd536971,0
Contemporary,24.04,24.04,0.00,In stock (3 available),be3db344a845580b,0
Young Adult,32.36,32.36,0.00,In stock (3 available),0e4e2d31c2fb3aad,0
Historical Fiction,21.07,21.07,0.00,In stock (3 available),7feac4000cbc5859,0
Nonfiction,50.66,50.66,0.00,In stock (3 available),52aa3d79b1cee455,0
Food and Drink,13.66,13.66,0.00,In stock (3 available),4672d10b9b1e7a05,0
Nonfiction,58.09,58.09,0.00,In stock (3 available),b830685072fa871f,0
Nonfiction,30.00,30.00,0.00,In stock (3 available),599a4f98bb193368,0
Young Adult,32.74,32.74,0.00,In stock (3 available),61bc8167c9680283,0
Default,41.93,41.93,0.00,In stock (3 available),b53078de0147f6bf,0
Womens Fiction,42.80,42.80,0.00,In stock (3 available),8ebad30219b8679c,0
Nonfiction,53.51,53.51,0.00,In stock (3 available),2173a2ce35f6ace1,0
Fiction,23.21,23.21,0.00,In stock (3 available),57f755143ee96fd4,0
Psychology,21.14,21.14,0.00,In stock (3 available),719d72f3ee512dc6,0
Childrens,56.07,56.07,0.00,In stock (3 available),75fed6a47f69859d,0
Sequential Art,14.41,14.41,0.00,In stock (3 available),a33ed2e6068df53e,0
Womens Fiction,45.75,45.75,0.00,In stock (3 available),813cff2aefa5d1f0,0
Thriller,15.77,15.77,0.00,In stock (3 available),2b685187f55c5d31,0
Add a comment,10.02,10.02,0.00,In stock (3 available),224fa77d4b248046,0
Childrens,48.77,48.77,0.00,In stock (3 available),3d15714d4d3d15dd,0
Horror,57.86,57.86,0.00,In stock (3 available),49f24193f0b961e6,0
Food and Drink,23.59,23.59,0.00,In stock (3 available),742702d662a71410,0
Mystery,23.05,23.05,0.00,In stock (3 available),f06039c29b5891fa,0
Sequential Art,55.55,55.55,0.00,In stock (3 available),91eb9605998a7c03,0
Fantasy,58.64,58.64,0.00,In stock (3 available),322a9e34d87f54b1,0
Travel,23.21,23.21,0.00,In stock (3 available),366a236aa1ea6f07,0
Biography,42.57,42.57,0.00,In stock (3 available),1a5044d233936b1a,0
Science Fiction,10.92,10.92,0.00,In stock (3 available),0e92ccf1bd39e68f,0
Add a comment,34.77,34.77,0.00,In stock (3 available),e2d47e82c50d41d9,0
Historical Fiction,35.66,35.66,0.00,In stock (3 available),3c456328b04a8ee8,0
Add a comment,37.19,37.19,0.00,In stock (3 available),0e7beedf0ee9380c,0
Romance,12.25,12.25,0.00,In stock (3 available),969f6c7e86554814,0
Classics,29.70,29.70,0.00,In stock (3 available),b9f6305a3d650e2c,0
Default,36.80,36.80,0.00,In stock (3 available),fa26798728f5208f,0
Romance,45.43,45.43,0.00,In stock (3 available),ee441c8e027caa66,0
Fiction,26.26,26.26,0.00,In stock (3 available),29d6d87f3418638b,0
Young Adult,44.92,44.92,0.00,In stock (3 available),3e42ac0f4d43320f,0
Womens Fiction,52.53,52.53,0.00,In stock (3 available),6263c1d2997b8ce0,0
Nonfiction,37.25,37.25,0.00,In stock (3 available),0baf71623648413a,0
Default,20.93,20.93,0.00,In stock (3 available),4266f48a0aa1c37d,0
Default,58.09,58.09,0.00,In stock (3 available),36c15687f5ab0f7c,0
Childrens,43.59,43.59,0.00,In stock (3 available),cf2f27fdf94ba20e,0
Business,33.92,33.92,0.00,In stock (3 available),70c7c3ca7f9b2728,0
Historical Fiction,55.55,55.55,0.00,In stock (3 available),476c7972e9b41891,0
Young Adult,29.64,29.64,0.00,In stock (3 available),35e69a79d2b1e804,0
Fiction,27.41,27.41,0.00,In stock (3 available),554e9e2d532b3a87,0
Fiction,52.51,52.51,0.00,In stock (3 available),ff6bb30dd0c482a6,0
Add a comment,47.80,47.80,0.00,In stock (3 available),a8b0ea6490bc818f,0
History,14.54,14.54,0.00,In stock (3 available),b5da59dd177eb36b,0
Historical Fiction,49.53,49.53,0.00,In stock (3 available),4a0a276409968a73,0
Default,43.58,43.58,0.00,In stock (3 available),c88422d8959260ab,0
Default,12.30,12.30,0.00,In stock (3 available),e2dac1f4739e0bd5,0
Horror,49.47,49.47,0.00,In stock (3 available),92dcc54a27107a37,0
Default,22.14,22.14,0.00,In stock (3 available),bfa9cb304075d3e8,0
Add a comment,57.48,57.48,0.00,In stock (3 available),8f5d16a5a9bd58b2,0
Mystery,43.45,43.45,0.00,In stock (3 available),dd003e904727281a,0
Add a comment,22.13,22.13,0.00,In stock (3 available),b3f2bc2cefb35f05,0
Science,13.03,13.03,0.00,In stock (3 available),c6bf14cb901c63ac,0
Science,57.35,57.35,0.00,In stock (3 available),63c0826ef59eae66,0
Womens Fiction,44.29,44.29,0.00,In stock (3 available),a6ab0cb7106a67f2,0
Default,52.25,52.25,0.00,In stock (3 available),f51062bf579507d9,0
Childrens,26.33,26.33,0.00,In stock (3 available),b22362b434e8ee62,0
Fiction,22.96,22.96,0.00,In stock (3 available),dabf11918b48b40c,0
Mystery,19.21,19.21,0.00,In stock (3 available),1be6d3b121865edb,0
Classics,26.78,26.78,0.00,In stock (3 available),cad70d6ffd53912f,0
Add a comment,41.32,41.32,0.00,In stock (3 available),23707d3ddf14a999,0
Add a comment,24.55,24.55,0.00,In stock (3 available),487449f4f6322f0f,0
Childrens,16.26,16.26,0.00,In stock (3 available),b7f475238ed50429,0
Add a comment,47.84,47.84,0.00,In stock (3 available),970bd3316219e7dc,0
Default,53.49,53.49,0.00,In stock (3 available),a75e274c8814b539,0
Sports and Games,44.84,44.84,0.00,In stock (3 available),08decd9664e5d56e,0
Add a comment,53.71,53.71,0.00,In stock (3 available),cd3dcd83bb002e78,0
Default,23.43,23.43,0.00,In stock (3 available),b04a6a0db525857d,0
Food and Drink,34.32,34.32,0.00,In stock (3 available),311634df10651e05,0
Fiction,22.10,22.10,0.00,In stock (3 available),2858ac90c4758e1f,0
Science,25.83,25.83,0.00,In stock (3 available),61002f3b7ba5d780,0
Nonfiction,36.74,36.74,0.00,In stock (3 available),a11ae5f07572ef49,0
Nonfiction,49.51,49.51,0.00,In stock (3 available),f08667e4c0458f37,0
Womens Fiction,48.96,48.96,0.00,In stock (3 available),ac27ab4bcd9c492e,0
Womens Fiction,54.62,54.62,0.00,In stock (3 available),3fc9d51d1c4d6ba7,0
Fantasy,24.72,24.72,0.00,In stock (3 available),feaaae90514eb2ac,0
Default,46.45,46.45,0.00,In stock (3 available),c57d3c96af23c297,0
Add a comment,52.33,52.33,0.00,In stock (3 available),07806456878931bc,0
Science,30.60,30.60,0.00,In stock (3 available),281a244ce1954711,0
Young Adult,14.57,14.57,0.00,In stock (3 available),510832818edb6fbc,0
Add a comment,46.29,46.29,0.00,In stock (3 available),5b2cd5b31a510848,0
Sequential Art,21.57,21.57,0.00,In stock (3 available),7b870bf85d01c2dc,0
Autobiography,12.91,12.91,0.00,In stock (3 available),28921443f052bea6,0
Add a comment,50.11,50.11,0.00,In stock (3 available),b4f5672f68ec3a83,0
Nonfiction,41.67,41.67,0.00,In stock (3 available),89cad3f37c9ce226,0
Business,44.88,44.88,0.00,In stock (3 available),8e9dd8431170c09e,0
Romance,11.10,11.10,0.00,In stock (3 available),ecdf73ee66c33b17,0
Childrens,28.54,28.54,0.00,In stock (3 available),4c8ece50736f9e88,0
Science Fiction,19.07,19.07,0.00,In stock (3 available),2ef5dc7e278e562a,0
Default,43.55,43.55,0.00,In stock (3 available),3c565df219ba3274,0
Sequential Art,43.63,43.63,0.00,In stock (3 available),9707989a439757b4,0
Sequential Art,39.13,39.13,0.00,In stock (3 available),cb62418129b864a3,0
Default,56.68,56.68,0.00,In stock (3 available),8e2dfd6bcf48e1e6,0
Nonfiction,14.16,14.16,0.00,In stock (3 available),09a7b0b566ad6225,0
Sequential Art,31.45,31.45,0.00,In stock (3 available),c59283b05905c853,0
Default,24.61,24.61,0.00,In stock (3 available),8378c899988905ee,0
Default,32.87,32.87,0.00,In stock (3 available),3250650a5c4e6f07,0
Nonfiction,40.17,40.17,0.00,In stock (3 available),cb65e49993db9a93,0
Nonfiction,13.51,13.51,0.00,In stock (3 available),c4d9fce9eff3b8ba,0
Travel,38.95,38.95,0.00,In stock (3 available),747cf7fca2ccdbd4,0
Humor,31.69,31.69,0.00,In stock (3 available),54aeeb4610d3ae08,0
Default,29.40,29.40,0.00,In stock (3 available),7ce5a92baabb6bc0,0
Nonfiction,57.83,57.83,0.00,In stock (3 available),7980fa06f2b704d8,0
Fantasy,55.46,55.46,0.00,In stock (3 available),e9056f9b5a40a301,0
Autobiography,57.60,57.60,0.00,In stock (3 available),abc4a7ee16c21088,0
Add a comment,34.98,34.98,0.00,In stock (3 available),546da23278482b0a,0
Autobiography,11.87,11.87,0.00,In stock (3 available),0dcadb06206abd3c,0
Fiction,12.47,12.47,0.00,In stock (3 available),4ef75307fb64e2ad,0
Science Fiction,33.26,33.26,0.00,In stock (3 available),4b3f4f151c99f472,0
Autobiography,59.04,59.04,0.00,In stock (3 available),c53d9fefcda371e9,0
Default,26.13,26.13,0.00,In stock (3 available),4ec53ff7e2263f32,0
Nonfiction,22.20,22.20,0.00,In stock (3 available),1de75f05d57bfc10,0
Nonfiction,45.11,45.11,0.00,In stock (3 available),1246e4ffeb5ac4ea,0
Young Adult,43.69,43.69,0.00,In stock (3 available),0ce8075fab4a2b5b,0
Default,25.02,25.02,0.00,In stock (3 available),d5e1a9bfe22bbf9f,0
Humor,55.50,55.50,0.00,In stock (3 available),190fbebbf798c31a,0
Young Adult,53.04,53.04,0.00,In stock (3 available),16e843e6b853cc2f,0
Fiction,44.97,44.97,0.00,In stock (3 available),a0dd11f6abc421ec,0
Nonfiction,42.38,42.38,0.00,In stock (3 available),d4a29356fc992879,0
Default,20.11,20.11,0.00,In stock (3 available),034829ffdd0a0aea,0
Nonfiction,56.70,56.70,0.00,In stock (3 available),a7c3f1010d64799a,0
Fiction,41.00,41.00,0.00,In stock (3 available),6c4646d90b60a56c,0
Nonfiction,28.85,28.85,0.00,In stock (3 available),d8292cd5f1aca291,0
Christian Fiction,49.97,49.97,0.00,In stock (3 available),61569d12d4ae7161,0
Womens Fiction,19.69,19.69,0.00,In stock (3 available),6b32b561dab8036c,0
Nonfiction,28.88,28.88,0.00,In stock (3 available),8010c7c148057fd3,0
Food and Drink,33.14,33.14,0.00,In stock (3 available),6c4d17a46cac8787,0
History,43.70,43.70,0.00,In stock (3 available),1812b8f5641287e3,0
Horror,54.89,54.89,0.00,In stock (3 available),557c03c284be1bf2,0
Childrens,37.52,37.52,0.00,In stock (3 available),cc1ac978a6835ef6,0
Humor,51.07,51.07,0.00,In stock (3 available),0cb4856be3694a57,0
Fantasy,44.07,44.07,0.00,In stock (3 available),b003f8bb02f76dc5,0
Childrens,10.79,10.79,0.00,In stock (3 available),621e2c310cec8d32,0
Sequential Art,42.72,42.72,0.00,In stock (3 available),4f6985aca357ae09,0
Nonfiction,26.66,26.66,0.00,In stock (3 available),c300cc9326592b65,0
Default,37.60,37.60,0.00,In stock (3 available),d5c588b6f9c015e4,0
Young Adult,42.21,42.21,0.00,In stock (3 available),984b3b6e7479b571,0
Historical Fiction,46.83,46.83,0.00,In stock (3 available),41fc5dce044f16f5,0
Sequential Art,45.17,45.17,0.00,In stock (3 available),d5f5a122a593b580,0
Sports and Games,51.22,51.22,0.00,In stock (3 available),a9aa3ed5b316470b,0
Add a comment,21.28,21.28,0.00,In stock (3 available),2ed3a794a70aa85f,0
Adult Fiction,15.36,15.36,0.00,In stock (3 available),ed813a848580ba50,0
Default,38.62,38.62,0.00,In stock (3 available),147019cae600694e,0
Mystery,25.40,25.40,0.00,In stock (3 available),588ba85ff11a3263,0
Fantasy,43.87,43.87,0.00,In stock (3 available),b843f52a986a2914,0
Default,18.74,18.74,0.00,In stock (3 available),73f71f9556442117,0
Science Fiction,54.86,54.86,0.00,In stock (3 available),36d5884d44484277,0
Default,52.62,52.62,0.00,In stock (3 available),a7ec599c1a547746,0
Science Fiction,51.48,51.48,0.00,In stock (3 available),98330e431e56a9ea,0
Nonfiction,15.28,15.28,0.00,In stock (3 available),81372abc86f65c79,0
Default,39.24,39.24,0.00,In stock (3 available),04d858cdeeee0da4,0
Default,17.81,17.81,0.00,In stock (3 available),d234ddecef49ef4e,0
Fantasy,56.02,56.02,0.00,In stock (3 available),468bd274ac084bb9,0
Default,23.90,23.90,0.00,In stock (3 available),66937c669c4da072,0
Fiction,49.13,49.13,0.00,In stock (3 available),c9782ad2a0ed9331,0
Childrens,10.62,10.62,0.00,In stock (3 available),157f693d9e600ccc,0
Add a comment,36.17,36.17,0.00,In stock (3 available),dbe33cf29ef1623d,0
Psychology,59.95,59.95,0.00,In stock (3 available),396385e3de5d18c3,0
Young Adult,26.09,26.09,0.00,In stock (3 available),7e9579921e5407cb,0
Parenting,37.35,37.35,0.00,In stock (3 available),ef49db2aaa9bb547,0
Mystery,24.72,24.72,0.00,In stock (3 available),b461cf238506c5b8,0
Default,35.28,35.28,0.00,In stock (3 available),bbfc4a3b7b6c94a0,0
Nonfiction,51.32,51.32,0.00,In stock (3 available),fd2337c1b73b686e,0
Young Adult,21.12,21.12,0.00,In stock (3 available),8e0bc2fe4e7d35b5,0
Nonfiction,27.35,27.35,0.00,In stock (3 available),e256de8aa0c2115f,0
Nonfiction,21.74,21.74,0.00,In stock (3 available),0bbc48294707ba96,0
Nonfiction,40.87,40.87,0.00,In stock (3 available),860318b8e244f39c,0
Sequential Art,49.31,49.31,0.00,In stock (3 available),15f415d436888b2d,0
Fiction,22.11,22.11,0.00,In stock (3 available),d3f9c4539c0caa64,0
Historical Fiction,20.79,20.79,0.00,In stock (3 available),155e42df837ee5ff,0
Romance,27.41,27.41,0.00,In stock (3 available),67dea6c75d6a1075,0
Classics,38.35,38.35,0.00,In stock (3 available),3fb69f34e178d494,0
Default,21.55,21.55,0.00,In stock (3 available),5439bae708bca198,0
Sequential Art,38.02,38.02,0.00,In stock (3 available),1d89a2aa9f6ce50f,0
Fantasy,22.06,22.06,0.00,In stock (3 available),5d22e2a46604b6e7,0
Childrens,10.66,10.66,0.00,In stock (3 available),ef9c4f2465513956,0
Nonfiction,56.58,56.58,0.00,In stock (3 available),da0349a87c8caa2f,0
Young Adult,36.83,36.83,0.00,In stock (3 available),7bf87402413c27ff,0
Classics,35.01,35.01,0.00,In stock (3 available),cfe350b20d23b02b,0
Nonfiction,30.48,30.48,0.00,In stock (3 available),bcee4f289ff6699c,0
Default,14.08,14.08,0.00,In stock (3 available),5dbd6ec4e154ad2f,0
Fantasy,31.22,31.22,0.00,In stock (3 available),87beabf664115d79,0
Autobiography,54.29,54.29,0.00,In stock (3 available),c9770bb1d5a492a0,0
Psychology,31.04,31.04,0.00,In stock (3 available),f5873c8fc7760000,0
Add a comment,50.96,50.96,0.00,In stock (3 available),165affa7adb5eded,0
Nonfiction,11.89,11.89,0.00,In stock (2 available),d2185b65af52d68c,0
Add a comment,31.38,31.38,0.00,In stock (2 available),4130678275eb7c8c,0
Sequential Art,54.81,54.81,0.00,In stock (2 available),276dc716b1da8899,0
Fiction,16.78,16.78,0.00,In stock (2 available),f3c76b53b239f511,0
Sports and Games,24.42,24.42,0.00,In stock (2 available),ce42e3de94226b2b,0
Sequential Art,11.75,11.75,0.00,In stock (2 available),9189fd009df41d0e,0
Philosophy,20.02,20.02,0.00,In stock (2 available),b0e479be03911916,0
Young Adult,12.86,12.86,0.00,In stock (2 available),6fa3ea52c8e31e06,0
Music,31.58,31.58,0.00,In stock (2 available),637e5a45062aa548,0
Nonfiction,34.00,34.00,0.00,In stock (2 available),fb495f9f9015a772,0
Nonfiction,57.42,57.42,0.00,In stock (2 available),b6d3f4f4ee1f6069,0
Young Adult,53.47,53.47,0.00,In stock (2 available),97b8f130d32e9f4e,0
Sequential Art,11.64,11.64,0.00,In stock (2 available),c0db71f6bb14db11,0
Childrens,52.88,52.88,0.00,In stock (2 available),d7b463918d3b8c39,0
Sequential Art,18.51,18.51,0.00,In stock (1 available),09d26b5f819c6a36,0
Historical Fiction,41.32,41.32,0.00,In stock (1 available),8ceb5c6aed2c5f8b,0
Romance,39.77,39.77,0.00,In stock (1 available),def389ddfda6991b,0
Fiction,51.96,51.96,0.00,In stock (1 available),c5f91eb481427dc5,0
Art,39.51,39.51,0.00,In stock (1 available),66a4e422b212726a,0
Paranormal,15.40,15.40,0.00,In stock (1 available),e7e87087b1a44711,0
Fantasy,53.82,53.82,0.00,In stock (1 available),dab5e75d1339706a,0
Poetry,30.95,30.95,0.00,In stock (1 available),e63c3f25338baf9a,0
Nonfiction,57.82,57.82,0.00,In stock (1 available),0268f149d014b389,0
Science Fiction,44.18,44.18,0.00,In stock (1 available),460f97a346b44bac,0
Romance,48.71,48.71,0.00,In stock (1 available),d6d98d3508c30f57,0
Default,19.69,19.69,0.00,In stock (1 available),9c96cd1329fbd82d,0
Sequential Art,36.52,36.52,0.00,In stock (1 available),dac9d1e654fac737,0
Nonfiction,41.56,41.56,0.00,In stock (1 available),6514add13c82b115,0
Classics,43.19,43.19,0.00,In stock (1 available),32d035df92ab9080,0
Fiction,12.34,12.34,0.00,In stock (1 available),b78deb463531d078,0
Fantasy,36.25,36.25,0.00,In stock (1 available),9e9932ae1a7d0943,0
Science,29.45,29.45,0.00,In stock (1 available),6f2c0a9adbb2bca9,0
Historical Fiction,34.56,34.56,0.00,In stock (1 available),38f776ab9118aed7,0
Sequential Art,54.12,54.12,0.00,In stock (1 available),5faefdc861684eb1,0
Add a comment,33.78,33.78,0.00,In stock (1 available),0ec9d2b018fb10d8,0
Add a comment,29.64,29.64,0.00,In stock (1 available),f0512adadffd2480,0
Mystery,57.70,57.70,0.00,In stock (1 available),b0913e67d38d5ed5,0
Philosophy,36.34,36.34,0.00,In stock (1 available),5c10b64db3e4f228,0
Default,50.59,50.59,0.00,In stock (1 available),c8614adb1a90b027,0
Fantasy,29.38,29.38,0.00,In stock (1 available),c40b70e0f6d80189,0
Classics,45.42,45.42,0.00,In stock (1 available),1aeca7d078d57deb,0
Add a comment,54.43,54.43,0.00,In stock (1 available),04e43893e32f9d29,0
Science Fiction,36.26,36.26,0.00,In stock (1 available),16c71736dae78764,0
Add a comment,16.16,16.16,0.00,In stock (1 available),86d8bd7afa5b51b3,0
New Adult,36.29,36.29,0.00,In stock (1 available),6e473eff459e809f,0
Young Adult,27.89,27.89,0.00,In stock (1 available),fff8a057a40c4a60,0
Mystery,12.29,12.29,0.00,In stock (1 available),4280ac3eab57aa5d,0
Mystery,15.85,15.85,0.00,In stock (1 available),ee61197edb882599,0
Nonfiction,14.40,14.40,0.00,In stock (1 available),09659d1639a1f978,0
Womens Fiction,19.18,19.18,0.00,In stock (1 available),29fc016c459aeb14,0
Sequential Art,10.64,10.64,0.00,In stock (1 available),3301af038a720587,0
Add a comment,14.76,14.76,0.00,In stock (1 available),18b4545a5ed15581,0
Religion,57.49,57.49,0.00,In stock (1 available),f3a0b8c835129558,0
Fiction,30.66,30.66,0.00,In stock (1 available),dfb0849016bc122c,0
Young Adult,40.83,40.83,0.00,In stock (1 available),5bc1fbccfbf2355c,0
Default,18.88,18.88,0.00,In stock (1 available),a7eef9d6795422c1,0
Historical Fiction,25.83,25.83,0.00,In stock (1 available),e25164e5b3fe208b,0
Sequential Art,42.12,42.12,0.00,In stock (1 available),2ac720f76384c57e,0
Fantasy,13.33,13.33,0.00,In stock (1 available),3a9a7c5895e82646,0
Default,42.40,42.40,0.00,In stock (1 available),9ed7090d8fa690b0,0
New Adult,58.35,58.35,0.00,In stock (1 available),c068c013d6921fea,0
Fantasy,21.72,21.72,0.00,In stock (1 available),229cd6564bf0dce4,0
Sports and Games,44.91,44.91,0.00,In stock (1 available),132adf7335bb384a,0
Classics,37.46,37.46,0.00,In stock (1 available),35e44170702139a4,0
Sequential Art,28.48,28.48,0.00,In stock (1 available),4f64568dfefa3ce7,0
Romance,28.34,28.34,0.00,In stock (1 available),9efb397067eb7e8a,0
Sequential Art,46.96,46.96,0.00,In stock (1 available),3cdca3b4a93980f5,0
Default,24.96,24.96,0.00,In stock (1 available),849db7ab7f4a640c,0
Sequential Art,21.71,21.71,0.00,In stock (1 available),bcbcbcf0f6ed196f,0
Sequential Art,29.87,29.87,0.00,In stock (1 available),326825e02a198cf6,0
Fantasy,28.99,28.99,0.00,In stock (1 available),8932e5c12f12ffed,0
Fantasy,52.94,52.94,0.00,In stock (1 available),7ea31f38675b91c1,0
Default,32.36,32.36,0.00,In stock (1 available),9ff997ab15713e53,0
Music,55.66,55.66,0.00,In stock (1 available),a1985630339f4b3d,0
New Adult,39.45,39.45,0.00,In stock (1 available),b6f1cfadc4dd79d4,0
Classics,47.11,47.11,0.00,In stock (1 available),39592d9d72e717c4,0
Fantasy,58.75,58.75,0.00,In stock (1 available),63e20a0f98218a87,0
Romance,38.92,38.92,0.00,In stock (1 available),fd78f89878479f56,0
Sequential Art,39.39,39.39,0.00,In stock (1 available),35a60467893aa168,0
Philosophy,25.89,25.89,0.00,In stock (1 available),4f19709e47883df5,0
Childrens,28.34,28.34,0.00,In stock (1 available),1053fb7ee17a1f33,0
Historical Fiction,27.70,27.70,0.00,In stock (1 available),d510567580c8be52,0
Add a comment,24.89,24.89,0.00,In stock (1 available),71a6471bbdac21d9,0
Romance,58.99,58.99,0.00,In stock (1 available),6e712ea24e77bd96,0
Fiction,57.20,57.20,0.00,In stock (1 available),06f6a57a6d532844,0
Default,38.43,38.43,0.00,In stock (1 available),8d390a1fc3133d06,0
Romance,34.74,34.74,0.00,In stock (1 available),f28f7299d38c0932,0
Sports and Games,40.44,40.44,0.00,In stock (1 available),3455b45888fb5053,0
Sequential Art,45.24,45.24,0.00,In stock (1 available),6fe02600f322a0a9,0
Science Fiction,34.96,34.96,0.00,In stock (1 available),6717a70913b3db79,0
Sequential Art,56.76,56.76,0.00,In stock (1 available),eb0fe24bbc845ecc,0
Sequential Art,40.28,40.28,0.00,In stock (1 available),72e6fbf4f6382557,0
Default,38.00,38.00,0.00,In stock (1 available),a492f49a3e2b6a71,0
Music,28.80,28.80,0.00,In stock (1 available),e564c3f1a93ccf2e,0
Romance,39.24,39.24,0.00,In stock (1 available),6390772a3094939d,0
Classics,32.93,32.93,0.00,In stock (1 available),2e69730561ed70ad,0
Nonfiction,51.32,51.32,0.00,In stock (1 available),df56868afd166557,0
Romance,47.09,47.09,0.00,In stock (1 available),0072b94dfa30608e,0
Religion,28.42,28.42,0.00,In stock (1 available),a812f6969ddf3e39,0
Childrens,22.85,22.85,0.00,In stock (1 available),1774749f2cee292f,0
Romance,41.24,41.24,0.00,In stock (1 available),a96404cb928895f3,0
Fiction,39.07,39.07,0.00,In stock (1 available),230ac636ea0ea415,0
Womens Fiction,29.82,29.82,0.00,In stock (1 available),a2b4b685dfa94733,0
Romance,37.26,37.26,0.00,In stock (1 available),abc0b15f2c907ff0,0
Mystery,20.30,20.30,0.00,In stock (1 available),95cdfd514098c38b,0
Sequential Art,34.65,34.65,0.00,In stock (1 available),099fae4a0705d63b,0
Philosophy,43.38,43.38,0.00,In stock (1 available),08672cd59171d5e4,0
Classics,55.53,55.53,0.00,In stock (1 available),cd2a2a70dd5d176d,0
Sequential Art,57.06,57.06,0.00,In stock (1 available),bfd5e1701c862ac3,0
Historical Fiction,16.97,16.97,0.00,In stock (1 available),19fec36a1dfb4c16,0
Mystery,53.98,53.98,0.00,In stock (1 available),f684a82adc49f011,0
Travel,26.08,26.08,0.00,In stock (1 available),228ba5e7577e1d49,0
